# senseflow-eink-node partition table — dual-slot OTA + rollback, 16 MB flash.
# Ported from careflow-modbus-node (rak3112-rs485-node). nvs kept at the default 0x9000/0x6000 so
# provisioning ('prov') + LoRaWAN nonces ('lorawan') survive a layout/OTA change (no full erase).
# App slots are 3 MB each (app well under that).
# Name,     Type, SubType, Offset,    Size,     Flags
nvs,        data, nvs,     0x9000,    0x6000,
otadata,    data, ota,     0xf000,    0x2000,
phy_init,   data, phy,     0x11000,   0x1000,
ota_0,      app,  ota_0,   0x20000,   0x300000,
ota_1,      app,  ota_1,   0x320000,  0x300000,
